Workbook

Sheet Récap
A1: Tacos Fox : carte relevée sur la borne
A2: Relevé fait à partir de photos de la borne de commande et des écrans muraux, octobre 2026. À faire valider par le restaurant.
A4: Enseigne | B4: TACOSFOX by Paris, since 1998
A5: Adresse | B5: 210 Avenue du 8 Mai 1945, 93150 Le Blanc-Mesnil (à confirmer)
A6: Slogan | B6: La meilleure excuse pour ne pas cuisiner ce soir
A7: Certification | B7: Viande halal contrôlée Achahada
A8: Offre phare | B8: 1 pizza achetée = 1 pizza offerte (Senior et Mega)
A10: Catégorie | B10: Nb de lignes | C10: Dont à vérifier
A11: Crousty Fox | B11: =COUNTIF(Carte!$A$2:$A$134,A11) -> 4 | C11: =COUNTIFS(Carte!$A$2:$A$134,A11,Carte!$G$2:$G$134,"À vérifier") -> 0
A12: Assiette | B12: =COUNTIF(Carte!$A$2:$A$134,A12) -> 5 | C12: =COUNTIFS(Carte!$A$2:$A$134,A12,Carte!$G$2:$G$134,"À vérifier") -> 0
A13: Sandwich | B13: =COUNTIF(Carte!$A$2:$A$134,A13) -> 34 | C13: =COUNTIFS(Carte!$A$2:$A$134,A13,Carte!$G$2:$G$134,"À vérifier") -> 2
A14: Burger | B14: =COUNTIF(Carte!$A$2:$A$134,A14) -> 20 | C14: =COUNTIFS(Carte!$A$2:$A$134,A14,Carte!$G$2:$G$134,"À vérifier") -> 0
A15: Bowl | B15: =COUNTIF(Carte!$A$2:$A$134,A15) -> 2 | C15: =COUNTIFS(Carte!$A$2:$A$134,A15,Carte!$G$2:$G$134,"À vérifier") -> 0
A16: Tacos | B16: =COUNTIF(Carte!$A$2:$A$134,A16) -> 5 | C16: =COUNTIFS(Carte!$A$2:$A$134,A16,Carte!$G$2:$G$134,"À vérifier") -> 0
A17: Pizza | B17: =COUNTIF(Carte!$A$2:$A$134,A17) -> 41 | C17: =COUNTIFS(Carte!$A$2:$A$134,A17,Carte!$G$2:$G$134,"À vérifier") -> 4
A18: Panini | B18: =COUNTIF(Carte!$A$2:$A$134,A18) -> 2 | C18: =COUNTIFS(Carte!$A$2:$A$134,A18,Carte!$G$2:$G$134,"À vérifier") -> 2
A19: Pâtes | B19: =COUNTIF(Carte!$A$2:$A$134,A19) -> 2 | C19: =COUNTIFS(Carte!$A$2:$A$134,A19,Carte!$G$2:$G$134,"À vérifier") -> 0
A20: Salade | B20: =COUNTIF(Carte!$A$2:$A$134,A20) -> 5 | C20: =COUNTIFS(Carte!$A$2:$A$134,A20,Carte!$G$2:$G$134,"À vérifier") -> 1
A21: Crêpe | B21: =COUNTIF(Carte!$A$2:$A$134,A21) -> 2 | C21: =COUNTIFS(Carte!$A$2:$A$134,A21,Carte!$G$2:$G$134,"À vérifier") -> 2
A22: Milkshake | B22: =COUNTIF(Carte!$A$2:$A$134,A22) -> 1 | C22: =COUNTIFS(Carte!$A$2:$A$134,A22,Carte!$G$2:$G$134,"À vérifier") -> 0
... A27: Boissons | B27: =COUNTIF(Carte!$A$2:$A$134,A27) -> 1 | C27: =COUNTIFS(Carte!$A$2:$A$134,A27,Carte!$G$2:$G$134,"À vérifier") -> 1
A28: Total | B28: =SUM(B11:B27) -> 133 | C28: =SUM(C11:C27) -> 15
A30: Légende
A31: Ligne surlignée en jaune | B31: Information manquante ou illisible, à demander au restaurant

Sheet Carte
A1: Catégorie | B1: Gamme | C1: Produit | D1: Composition | E1: Prix (€) | F1: Formule | G1: Statut | H1: Note
A2: Crousty Fox | C2: Crousty Fox Menu | E2: 10 | F2: Boisson incluse | G2: OK
A3: Crousty Fox | C3: Crousty Fox sauce fromage | E3: 9 | F3: Seul | G3: OK
A4: Crousty Fox | C4: Crousty Fox spicy sucré | E4: 9 | F4: Seul | G4: OK
A5: Crousty Fox | C5: Crousty Fox sucré | E5: 9 | F5: Seul | G5: OK
A6: Assiette | C6: Kebab | D6: Salade, tomate, oignon, frites | E6: 13.9 | F6: Boisson incluse | G6: OK
A7: Assiette | C7: Chicken | D7: Salade, tomate, oignon, frites | E7: 13.9 | F7: Boisson incluse | G7: OK
A8: Assiette | C8: Mixte | D8: Salade, tomate, oignon, frites | E8: 15.7 | F8: Boisson incluse | G8: OK
A9: Assiette | C9: Chicken rouge | D9: Salade, tomate, oignon, frites | E9: 13.9 | F9: Boisson incluse | G9: OK
A10: Assiette | C10: Escalope | D10: Salade, tomate, oignon, frites | E10: 13.9 | F10: Boisson incluse | G10: OK
A11: Sandwich | C11: Grec | D11: Kebab, crudités au choix | E11: 9.7 | F11: Menu (frites + boisson) | G11: OK
A12: Sandwich | C12: Mixte | D12: 2 viandes au choix, fromage, crudités au choix | E12: 10.3 | F12: Menu (frites + boisson) | G12: OK
A13: Sandwich | C13: Spécial Fox | D13: Viande au choix, chèvre, fromage, miel, crudités au choix | E13: 11.5 | F13: Menu (frites + boisson) | G13: OK
A14: Sandwich | C14: Spécial | D14: Chicken rouge, poivron, olive, oignon frit, 2 fromages, crudités au choix | E14: 9.9 | F14: Menu (frites + boisson) | G14: OK
A15: Sandwich | B15: Les essentiels | C15: Steak | D15: 2 steaks, fromage, crudités au choix | E15: 8.8 | F15: Menu (frites + boisson) | G15: OK
A16: Sandwich | B16: Les essentiels | C16: Merguez | D16: Merguez, fromage | E16: 8.9 | F16: Menu (frites + boisson) | G16: OK
A17: Sandwich | B17: Les essentiels | C17: Escalope | D17: Escalope de poulet, fromage, crudités au choix | E17: 9.5 | F17: Menu (frites + boisson) | G17: OK
A18: Sandwich | B18: Les essentiels | C18: Chicken jaune | D18: Chicken, fromage | E18: 9.8 | F18: Menu (frites + boisson) | G18: OK
A19: Sandwich | C19: Chicken rouge | D19: Chicken rouge | E19: 9.8 | F19: Menu (frites + boisson) | G19: OK
A20: Sandwich | B20: Les premiums | C20: Mortel | D20: Viande au choix, œuf, boursin, jambon de dinde, fromage, crudités au choix | E20: 11.6 | F20: Menu (frites + boisson) | G20: OK
A21: Sandwich | B21: Les premiums | C21: Seven | D21: 3 steaks, fromage, chicken, escalope, crudités au choix | E21: 11.9 | F21: Menu (frites + boisson) | G21: OK
A22: Sandwich | B22: Les premiums | C22: Tentation | D22: 2 steaks, œuf, fromage, crudités au choix | E22: 9.3 | F22: Menu (frites + boisson) | G22: OK
A23: Sandwich | B23: Les premiums | C23: Magistral | D23: Galette de pomme de terre, escalope, fromage, crudités au choix | E23: 9.9 | F23: Menu (frites + boisson) | G23: OK
A24: Sandwich | B24: Les premiums | C24: Radical | D24: Chicken rouge, cordon bleu, crudités au choix | E24: 10 | F24: Menu (frites + boisson) | G24: OK
A25: Sandwich | B25: Les premiums | C25: Mexicain | D25: 2 steaks, poivrons, œuf, 2 fromages, crudités au choix | E25: 9.5 | F25: Menu (frites + boisson) | G25: OK
A26: Sandwich | B26: Les premiums | C26: Royal Fox | D26: Escalope, cordon bleu, fromage | E26: 10 | F26: Menu (frites + boisson) | G26: OK
A27: Sandwich | B27: Les premiums | C27: Magic | D27: 2 steaks, cordon bleu, fromage, crudités au choix | E27: 10.2 | F27: Menu (frites + boisson) | G27: OK
A28: Sandwich | B28: Les premiums | C28: Triple X | D28: 3 steaks, œuf, fromage, crudités au choix | E28: 10.2 | F28: Menu (frites + boisson) | G28: OK
A29: Sandwich | B29: Les premiums | C29: X Trem | D29: 2 steaks, œuf, jambon de dinde, fromage, crudités au choix | E29: 10.1 | F29: Menu (frites + boisson) | G29: OK
A30: Sandwich | B30: Les premiums | C30: Savoyard | D30: Chicken blanc, lardon, chèvre, crudités au choix | E30: 10.2 | F30: Menu (frites + boisson) | G30: OK
A31: Sandwich | B31: Les premiums | C31: Charcutier | D31: Chicken au choix, chorizo, emmental, crudités au choix | E31: 10.5 | F31: Menu (frites + boisson) | G31: OK
... A33: Sandwich | B33: Les premiums | C33: Fabuleux | D33: Viande au choix, chorizo, emmental, jambon de dinde, poulet, crudités au choix | E33: 10.4 | F33: Menu (frites + boisson) | G33: OK
A34: Sandwich | C34: Suprême | D34: 2 steaks, escalope, galette de pomme de terre, emmental, crudités au choix | E34: 10.9 | F34: Menu (frites + boisson) | G34: OK
A35: Sandwich | C35: Buffalo | D35: 2 steaks, œuf, jambon de dinde, escalope, fromage, crudités au choix | E35: 11.2 | F35: Menu (frites + boisson) | G35: OK
A36: Sandwich | C36: Blindé | D36: 2 steaks, grec, cordon bleu, escalope, fromage, crudités au choix | E36: 11.3 | F36: Menu (frites + boisson) | G36: OK
A37: Sandwich | C37: Monster Fox | D37: 2 steaks, grec, cordon bleu, fromage, oignon | E37: 11.5 | F37: Menu (frites + boisson) | G37: OK
A38: Sandwich | C38: Five Fox | D38: 5 steaks, 5 fromages, crudités au choix | E38: 11.6 | F38: Menu (frites + boisson) | G38: OK
A39: Sandwich | C39: Escalope du Chef | D39: Champignon, crème fraîche, œuf, fromage | E39: 10.2 | F39: Menu (frites + boisson) | G39: OK
A40: Sandwich | C40: Tenders au four | D40: Tenders, mozzarella, boursin, crudités au choix | E40: 10 | F40: Menu (frites + boisson) | G40: OK
A41: Sandwich | C41: Spécial au four | D41: Viande au choix, mozza, crudités au choix | E41: 10.3 | F41: Menu (frites + boisson) | G41: OK
A42: Sandwich | C42: Croque monsieur | E42: 5 | F42: Menu (frites + boisson) | G42: OK
A43: Sandwich | B43: Les premiums | C43: Boursin | D43: Escalope, fromage, Boursin | F43: Menu (frites + boisson) | G43: À vérifier | H43: Vu sur l'écran mural, prix absent de la borne
A44: Sandwich | C44: Grec au four | D44: Viande au choix, mozzarella | F44: Menu (frites + boisson) | G44: À vérifier | H44: Vu sur l'écran mural, peut-être = Spécial au four
A45: Burger | C45: Petit Fox | D45: Steak, fromage, crudités au choix | E45: 5.8 | F45: Menu (frites + boisson) | G45: OK
A46: Burger | C46: Petit Double | D46: 2 steaks, 2 fromages, crudités au choix | E46: 6.8 | F46: Menu (frites + boisson) | G46: OK
A47: Burger | C47: Grand Fox | D47: 2 steaks, 2 fromages, crudités au choix | E47: 7.1 | F47: Menu (frites + boisson) | G47: OK
A48: Burger | C48: Fish Burger | E48: 6.5 | F48: Menu (frites + boisson) | G48: OK
A49: Burger | C49: Country Fox | D49: Galette de pomme de terre, steak, fromage, crudités au choix | E49: 7 | F49: Menu (frites + boisson) | G49: OK
A50: Burger | C50: Boursin Fox | D50: 2 steaks, boursin, 2 fromages, jambon de dinde, crudités au choix | E50: 7.7 | F50: Menu (frites + boisson) | G50: OK
A51: Burger | C51: Smash Burger | D51: Steak, cheddar | E51: 7.8 | F51: Menu (frites + boisson) | G51: OK
A52: Burger | C52: Chicken Pané | D52: Steak, escalope panée, crudités au choix | E52: 7.8 | F52: Menu (frites + boisson) | G52: OK
A53: Burger | C53: King Fox | D53: 2 steaks, escalope, fromage, crudités au choix | E53: 7.8 | F53: Menu (frites + boisson) | G53: OK
A54: Burger | C54: Maxi Fox | D54: 2 fromages, jambon de dinde, œuf, crudités au choix | E54: 7.9 | F54: Menu (frites + boisson) | G54: OK
A55: Burger | C55: Tenders Fox | D55: Chicken burger, steak, 2 fromages, crudités au choix | E55: 8.3 | F55: Menu (frites + boisson) | G55: OK
A56: Burger | C56: Géant Fox | D56: 4 steaks, 4 fromages, crudités au choix | E56: 9 | F56: Menu (frites + boisson) | G56: OK
A57: Burger | C57: Le Magnificos | D57: 3 steaks, 3 fromages, galette de pomme de terre, crudités au choix | E57: 9.3 | F57: Menu (frites + boisson) | G57: OK
A58: Burger | C58: Big Smash Burger | D58: 2 steaks, 2 cheddar, sauce Biggy | E58: 9.8 | F58: Menu (frites + boisson) | G58: OK
A59: Burger | C59: Crispy Fox | D59: Tenders, fromage, crudités au choix | E59: 9.8 | F59: Menu (frites + boisson) | G59: OK
A60: Burger | C60: Duo | D60: Steak, fromage + 2 steaks, 2 fromages, crudités au choix | E60: 9.8 | F60: Menu (frites + boisson) | G60: OK
... A71: Tacos | C71: Tacos XXL | D71: Frites, sauce fromagère, 4 viandes au choix | E71: 16.5 | F71: Boisson incluse | G71: OK
A72: Pizza | B72: Formats | C72: Junior | D72: Toutes les recettes | E72: 7.2 | F72: Seule | G72: À vérifier | H72: Vérifier si prix identique pour toutes les recettes
A73: Pizza | B73: Formats | C73: Senior | D73: Toutes les recettes | E73: 10.2 | F73: Seule | G73: À vérifier | H73: Vérifier si prix identique pour toutes les recettes
A74: Pizza | B74: Formats | C74: Mega | D74: Toutes les recettes | E74: 12.6 | F74: Seule | G74: À vérifier | H74: Vérifier si prix identique pour toutes les recettes
A75: Pizza | B75: Offres | C75: 1 Senior achetée = 1 offerte | E75: 17.5 | F75: Sur place ou à emporter | G75: OK
A76: Pizza | B76: Offres | C76: 1 Mega achetée = 1 offerte | E76: 23 | F76: Sur place ou à emporter | G76: OK
A77: Pizza | B77: Recettes | C77: 3 Jambons | D77: Sauce tomate, mozza, jambon, lardon, chorizo | F77: Prix selon format | G77: OK
A78: Pizza | B78: Recettes | C78: 4 Fromages | D78: Sauce tomate, emmental, chèvre, mozzarella, bleu | F78: Prix selon format | G78: OK
A79: Pizza | B79: Recettes | C79: 4 Saisons | D79: Sauce tomate, mozza, jambon, champignon, poivron, olive, artichaut | F79: Prix selon format | G79: OK
A80: Pizza | B80: Recettes | C80: Algérienne | D80: Sauce algérienne, mozza, escalope | F80: Prix selon format | G80: OK
A81: Pizza | B81: Recettes | C81: Américaine | D81: Crème fraîche, mozza, lardon, oignon, chorizo, œuf | F81: Prix selon format | G81: OK
A82: Pizza | B82: Recettes | C82: Boursin | D82: Mozza, boursin, escalope de poulet | F82: Prix selon format | G82: OK
A83: Pizza | B83: Recettes | C83: Buffalo | D83: Sauce barbecue, viande hachée, oignon, poivron | F83: Prix selon format | G83: OK
A84: Pizza | B84: Recettes | C84: Calzone | D84: Sauce tomate, mozza, jambon, œuf | F84: Prix selon format | G84: OK
A85: Pizza | B85: Recettes | C85: Campione | D85: Sauce tomate, mozza, viande hachée, champignon | F85: Prix selon format | G85: OK
A86: Pizza | B86: Recettes | C86: Chicken | D86: Sauce tomate, mozza, poulet, champignon, poivron | F86: Prix selon format | G86: OK
A87: Pizza | B87: Recettes | C87: Chicken Tikka | D87: Mozza, chicken tikka, pomme de terre | F87: Prix selon format | G87: OK
A88: Pizza | B88: Recettes | C88: Fermière | D88: Crème fraîche, jambon de poulet, pomme de terre | F88: Prix selon format | G88: OK
... A100: Pizza | B100: Recettes | C100: Milano | D100: Crème fraîche, mozza, jambon, oignon, pomme de terre | F100: Prix selon format | G100: OK
A101: Pizza | B101: Recettes | C101: Mixte | D101: Sauce tomate, mozza, viande hachée, jambon, oignon, double fromage | F101: Prix selon format | G101: À vérifier | H101: Composition partiellement lisible
A102: Pizza | B102: Recettes | C102: Napolitaine | D102: Sauce tomate, mozza, anchois | F102: Prix selon format | G102: OK
A103: Pizza | B103: Recettes | C103: Neptune | D103: Sauce tomate, mozza, thon, oignon, olive | F103: Prix selon format | G103: OK
A104: Pizza | B104: Recettes | C104: Paysanne | D104: Crème fraîche, jambon de poulet, jambon, pomme de terre, œuf | F104: Prix selon format | G104: OK
A105: Pizza | B105: Recettes | C105: Pizza Fox | D105: Crème fraîche, mozza, jambon de poulet, champignon, tomate fraîche, olive | F105: Prix selon format | G105: OK
A106: Pizza | B106: Recettes | C106: Raclette Fox | D106: Crème fraîche, jambon de dinde, fromage raclette, pomme de terre, mozza | F106: Prix selon format | G106: OK
A107: Pizza | B107: Recettes | C107: Regina | D107: Sauce tomate, mozza, jambon, champignon | F107: Prix selon format | G107: OK
A108: Pizza | B108: Recettes | C108: Shaineze Pimenlo | D108: Sauce chili, mozza, piment, bœuf, chorizo, oignon | F108: Prix selon format | G108: OK
A109: Pizza | B109: Recettes | C109: Spéciale Shaineze | D109: Sauce tomate, mozza, viande hachée, jambon de poulet, œuf | F109: Prix selon format | G109: OK
A110: Pizza | B110: Recettes | C110: Tartiflette | D110: Crème fraîche, mozza, lardon, reblochon, pomme de terre | F110: Prix selon format | G110: OK
A111: Pizza | B111: Recettes | C111: Végétarienne | D111: Sauce tomate, mozza, champignon, poivron, olive, oignon | F111: Prix selon format | G111: OK
A112: Pizza | B112: Recettes | C112: Venezia | D112: Crème fraîche, mozza, saumon fumé | F112: Prix selon format | G112: OK
A113: Panini | C113: Panini seul | D113: Viande au choix | F113: Seul | G113: À vérifier | H113: Prix non visible
A114: Panini | C114: Panini menu | D114: Viande au choix | F114: Menu (frites + boisson) | G114: À vérifier | H114: Prix non visible
A115: Pâtes | C115: Penne | E115: 11.5 | G115: OK
A116: Pâtes | C116: Tagliatelle | E116: 11.5 | G116: OK
A117: Salade | C117: César | D117: Salade, tomate, croûtons, escalope de poulet | E117: 6.5 | G117: OK
A118: Salade | C118: Italienne | D118: Salade, tomate, olive, anchois, maïs | E118: 6 | G118: OK
A119: Salade | C119: Fox | D119: Salade, thon, tomate, olive | E119: 6 | G119: OK
A120: Salade | C120: Du Chef | D120: Salade, tomate, champignon, jambon | E120: 6 | G120: OK
A121: Salade | C121: Norvégienne | D121: Salade, tomate, saumon, crème fraîche, champignons | G121: À vérifier | H121: Prix illisible
A122: Crêpe | C122: Crêpe salée | G122: À vérifier | H122: Prix non visible
...

Sheet Options
A1: Type d'option | B1: Choix | C1: Supplément (€) | D1: Note
A2: Viandes tacos (2 minimum en L) | B2: Chicken jaune
A3: Viandes tacos (2 minimum en L) | B3: Chicken rouge
A4: Viandes tacos (2 minimum en L) | B4: Cordon bleu
A5: Viandes tacos (2 minimum en L) | B5: Escalope
A6: Viandes tacos (2 minimum en L) | B6: Kebab
A7: Viandes tacos (2 minimum en L) | B7: Merguez
A8: Viandes tacos (2 minimum en L) | B8: Nuggets
A9: Viandes tacos (2 minimum en L) | B9: Tenders
A10: Viandes tacos (2 minimum en L) | B10: Viande hachée
A11: Viande panini (1 choix) | B11: Chicken jaune
A12: Viande panini (1 choix) | B12: Chicken rouge
A13: Viande panini (1 choix) | B13: Escalope
... A22: Viande panini (1 choix) | B22: Viande hachée
A23: Sauces (2 maximum) | B23: Algérienne | D23: Incluse
A24: Sauces (2 maximum) | B24: Andalouse | D24: Incluse
A25: Sauces (2 maximum) | B25: Barbecue | D25: Incluse
A26: Sauces (2 maximum) | B26: Biggy | D26: Incluse
A27: Sauces (2 maximum) | B27: Cheezy | D27: Incluse
A28: Sauces (2 maximum) | B28: Chili thaï | D28: Incluse
A29: Sauces (2 maximum) | B29: Curry | D29: Incluse
A30: Sauces (2 maximum) | B30: Fish | D30: Incluse
A31: Sauces (2 maximum) | B31: Harissa | D31: Incluse
A32: Sauces (2 maximum) | B32: Ketchup | D32: Incluse
A33: Sauces (2 maximum) | B33: Mayonnaise | D33: Incluse
A34: Sauces (2 maximum) | B34: Poivre | D34: Incluse
... A37: Sauces (2 maximum) | B37: Yopie | D37: Incluse
A38: Supplément viande | B38: Chorizo | C38: 1.8
A39: Supplément viande | B39: Cordon bleu | C39: 1.8
A40: Supplément viande | B40: Dinde | C40: 1.8
A41: Supplément viande | B41: Escalope | C41: 1.8
A42: Supplément viande | B42: Escalope curry | C42: 1.8
A43: Supplément viande | B43: Escalope tandoori | C43: 1.8
A44: Supplément viande | B44: Kebab | C44: 1.8
A45: Supplément viande | B45: Lardon | C45: 1.8
A46: Supplément viande | B46: Merguez | C46: 1.8
A47: Supplément viande | B47: Nuggets | C47: 1.8
A48: Supplément viande | B48: Saumon | C48: 2.5
A49: Supplément viande | B49: Tenders | C49: 1.5
... A59: Supplément fromage | B59: Mozzarella | C59: 0.7
A60: Supplément fromage | B60: Raclette | D60: Vu sur l'écran mural, prix absent de la borne
A61: Gratinage (1 choix) | B61: Chorizo + mozza | C61: 2.5
A62: Gratinage (1 choix) | B62: Lardon + emmental | C62: 2.5
A63: Gratinage (1 choix) | B63: Mozza + lardon + chorizo + œuf | C63: 2.5
A64: Frites | B64: Frites supplémentaires | C64: 1.5
